lane,SOURCE,OPERATIONAL_STATE,KIND,TIME_SENSITIVE,EVERGREEN,TS_CADENCE,EG_CADENCE,DAILY_TARGET,SIGNAL_TIER,SIGNAL_PROVIDER,ACTUAL_DAILY_YIELD_7D,P1,P2,P3,P4,P5,GAP,ACTION,note
"HABER","news-who-newsroom-whole","ACTIVE","TIME_SENSITIVE_ONLY","ON","OFF","1440m (SLOW)","-","-","T3 (freshness)","-","2.0","PARTIAL","PASS","PARTIAL","PASS","PARTIAL","-","none",""
"HABER","news-medical-news-today-sitemap","ACTIVE","TIME_SENSITIVE_ONLY","ON","OFF","60m (CRITICAL_FAST/FAST)","-","-","T3 (freshness)","-","1.6","PARTIAL","PASS","PARTIAL","PASS","PARTIAL","-","none",""
"HABER","news-medpagetoday-sitemap","ACTIVE","TIME_SENSITIVE_ONLY","ON","OFF","60m (CRITICAL_FAST/FAST)","-","-","T3 (freshness)","-","11.6","PARTIAL","PASS","PARTIAL","PASS","PARTIAL","-","none",""
"HABER","news-newswise-sitemap","ACTIVE","TIME_SENSITIVE_ONLY","ON","OFF","60m (CRITICAL_FAST/FAST)","-","-","T3 (freshness)","-","25.1","PARTIAL","PASS","PARTIAL","PASS","PARTIAL","-","none",""
"HABER","news-eur-lex-mdr-ivdr-health-query","MANUAL_INTAKE","TIME_SENSITIVE_ONLY","ON","OFF","1440m (SLOW)","-","-","T3 (freshness)","-","0.0","PARTIAL","N/A","PARTIAL","PASS","PARTIAL","-","none",""
"HABER","news-sgk-health-scoped","MANUAL_INTAKE","TIME_SENSITIVE_ONLY","ON","OFF","1440m (SLOW)","-","-","T3 (freshness)","-","0.0","PARTIAL","N/A","PARTIAL","PASS","PARTIAL","-","none",""
"HABER","news-ashp-safemedication-sitemap","UNRESOLVED","EVERGREEN_ONLY","OFF","ON","-","new daily; rediscovery 24-72h (proposed)","1-3/day (proposed)","T3 (T2 where featured)","-","0.3","FAIL","PARTIAL","PARTIAL","PARTIAL","PARTIAL","no usable dated/official endpoint yet","implement path (phase 3/4)",""
"HABER","news-cleveland-clinic-health-essentials-sitemap","ACTIVE","EVERGREEN_ONLY","OFF","ON","-","new daily; rediscovery 24-72h (proposed)","1-3/day (proposed)","T3 (T2 where featured)","-","0.9","FAIL","PARTIAL","PARTIAL","PARTIAL","PARTIAL","evergreen path not implemented (recency gates apply)","implement path (phase 3/4)","my.clevelandclinic.org/health library (sitemap with lastmod) as 2nd endpoint"
"HABER","news-cleveland-clinic-newsroom-sitemap","ACTIVE","TIME_SENSITIVE_ONLY","ON","OFF","120m (MEDIUM)","-","-","T3 (freshness)","-","0.4","PARTIAL","PASS","PARTIAL","PASS","PARTIAL","-","none",""
"HABER","news-todays-dietitian-sitemap","ACTIVE","EVERGREEN_ONLY","OFF","ON","-","new daily; rediscovery 24-72h (proposed)","1-3/day (proposed)","T3 (T2 where featured)","-","0.0","FAIL","FAIL","PARTIAL","PARTIAL","PARTIAL","evergreen path not implemented (recency gates apply)","implement path (phase 3/4)","post-sitemap 1..6 with lastmod (current endpoint is slice 3 only)"
"HABER","news-aa-saglik-scoped","ACTIVE","TIME_SENSITIVE_ONLY","ON","OFF","1440m (SLOW)","-","-","T3 (freshness)","-","0.0","PARTIAL","FAIL","PARTIAL","PASS","PARTIAL","-","none",""
"HABER","news-aami-news-scoped","BLOCKED","TIME_SENSITIVE_ONLY","ON","OFF","1440m (SLOW)","-","-","T3 (freshness)","-","0.0","PARTIAL","N/A","PARTIAL","PASS","PARTIAL","access/rate-limit blocked","lifecycle review",""
"HABER","news-advamed-digital-health-scoped","ACTIVE","TIME_SENSITIVE_ONLY","ON","OFF","1440m (SLOW)","-","-","T3 (freshness)","-","0.1","PARTIAL","PASS","PARTIAL","PASS","PARTIAL","-","none",""
"HABER","news-africa-cdc-news-whole","ACTIVE","TIME_SENSITIVE_ONLY","ON","OFF","1440m (SLOW)","-","-","T3 (freshness)","-","0.0","PARTIAL","FAIL","PARTIAL","PASS","PARTIAL","-","none",""
"HABER","news-ansm-news-scoped","ACTIVE","TIME_SENSITIVE_ONLY","ON","OFF","1440m (SLOW)","-","-","T3 (freshness)","-","0.0","PARTIAL","FAIL","PARTIAL","PASS","PARTIAL","-","none",""
"HABER","news-bfarm-news-scoped","UNRESOLVED","TIME_SENSITIVE_ONLY","ON","OFF","1440m (SLOW)","-","-","T3 (freshness)","-","0.0","PARTIAL","FAIL","PARTIAL","PASS","PARTIAL","no usable dated/official endpoint yet","lifecycle review",""
"HABER","news-bilimgenc-tubitak-saglik-whole","ACTIVE","TIME_SENSITIVE_ONLY","ON","OFF","720m (SLOW)","-","-","T3 (freshness)","-","0.1","PARTIAL","PASS","PARTIAL","PASS","PARTIAL","-","none",""
"HABER","news-council-eu-epsco-health-scoped","ACTIVE","TIME_SENSITIVE_ONLY","ON","OFF","1440m (SLOW)","-","-","T3 (freshness)","-","0.0","PARTIAL","FAIL","PARTIAL","PASS","PARTIAL","-","none",""
"HABER","news-ec-dg-sante-health-scoped","ACTIVE","TIME_SENSITIVE_ONLY","ON","OFF","1440m (SLOW)","-","-","T3 (freshness)","-","0.0","PARTIAL","FAIL","PARTIAL","PASS","PARTIAL","-","none",""
"HABER","news-ec-hera-scoped","ACTIVE","TIME_SENSITIVE_ONLY","ON","OFF","1440m (SLOW)","-","-","T3 (freshness)","-","0.0","PARTIAL","FAIL","PARTIAL","PASS","PARTIAL","-","none",""
"HABER","news-ec-hta-htacg-target","ACTIVE","TIME_SENSITIVE_ONLY","ON","OFF","1440m (SLOW)","-","-","T3 (freshness)","-","0.0","PARTIAL","FAIL","PARTIAL","PASS","PARTIAL","-","none",""
"HABER","news-ec-mdcg-target","ACTIVE","TIME_SENSITIVE_ONLY","ON","OFF","1440m (SLOW)","-","-","T3 (freshness)","-","0.0","PARTIAL","FAIL","PARTIAL","PASS","PARTIAL","-","none",""
"HABER","news-ec-medical-devices-target","ACTIVE","TIME_SENSITIVE_ONLY","ON","OFF","1440m (SLOW)","-","-","T3 (freshness)","-","0.0","PARTIAL","FAIL","PARTIAL","PASS","PARTIAL","-","none",""
"HABER","news-ecdc-news-whole","ACTIVE","TIME_SENSITIVE_ONLY","ON","OFF","1440m (SLOW)","-","-","T3 (freshness)","-","0.0","PARTIAL","FAIL","PARTIAL","PASS","PARTIAL","-","none",""
"HABER","news-edqm-news-whole","BLOCKED","TIME_SENSITIVE_ONLY","ON","OFF","1440m (SLOW)","-","-","T3 (freshness)","-","0.0","PARTIAL","N/A","PARTIAL","PASS","PARTIAL","access/rate-limit blocked","lifecycle review",""
"HABER","news-efsa-news","ACTIVE","TIME_SENSITIVE_ONLY","ON","OFF","360m (MEDIUM)","-","-","T3 (freshness)","-","0.0","PARTIAL","FAIL","PARTIAL","PASS","PARTIAL","-","none",""
"HABER","news-efsa-publications","ACTIVE","TIME_SENSITIVE_ONLY","ON","OFF","1440m (SLOW)","-","-","T3 (freshness)","-","0.7","PARTIAL","PASS","PARTIAL","PASS","PARTIAL","-","none",""
"HABER","news-ema-news-whole","ACTIVE","TIME_SENSITIVE_ONLY","ON","OFF","1440m (SLOW)","-","-","T3 (freshness)","-","0.0","PARTIAL","FAIL","PARTIAL","PASS","PARTIAL","-","none",""
"HABER","news-ep-sant-scoped","UNRESOLVED","TIME_SENSITIVE_ONLY","ON","OFF","1440m (SLOW)","-","-","T3 (freshness)","-","0.0","PARTIAL","FAIL","PARTIAL","PASS","PARTIAL","no usable dated/official endpoint yet","lifecycle review",""
"HABER","news-euractiv-health-scoped","ACTIVE","TIME_SENSITIVE_ONLY","ON","OFF","1440m (SLOW)","-","-","T3 (freshness)","-","1.3","PARTIAL","PASS","PARTIAL","PASS","PARTIAL","-","none",""
"HABER","news-fda-cdrh-ai-ml-device","UNRESOLVED","TIME_SENSITIVE_ONLY","ON","OFF","1440m (SLOW)","-","-","T3 (freshness)","-","0.0","PARTIAL","FAIL","PARTIAL","PASS","PARTIAL","no usable dated/official endpoint yet","lifecycle review",""
"HABER","news-fda-medwatch-supplements","UNRESOLVED","TIME_SENSITIVE_ONLY","ON","OFF","360m (MEDIUM)","-","-","T3 (freshness)","-","0.0","PARTIAL","FAIL","PARTIAL","PASS","PARTIAL","no usable dated/official endpoint yet","lifecycle review",""
"HABER","news-fda-press-scoped","UNRESOLVED","TIME_SENSITIVE_ONLY","ON","OFF","43200m (BELOW_SLOW (>24h))","-","-","T3 (freshness)","-","0.0","PARTIAL","FAIL","PARTIAL","PASS","PARTIAL","no usable dated/official endpoint yet","lifecycle review",""
"HABER","news-fda-tainted-supplements","UNRESOLVED","TIME_SENSITIVE_ONLY","ON","OFF","360m (MEDIUM)","-","-","T3 (freshness)","-","0.0","PARTIAL","FAIL","PARTIAL","PASS","PARTIAL","no usable dated/official endpoint yet","lifecycle review",""
"HABER","news-fierce-medtech-scoped","ACTIVE","TIME_SENSITIVE_ONLY","ON","OFF","1440m (SLOW)","-","-","T3 (freshness)","-","1.3","PARTIAL","PASS","PARTIAL","PASS","PARTIAL","-","none",""
"HABER","news-health-canada-devices-scoped","ACTIVE","TIME_SENSITIVE_ONLY","ON","OFF","1440m (SLOW)","-","-","T3 (freshness)","-","0.6","PARTIAL","PASS","PARTIAL","PASS","PARTIAL","-","none",""
"HABER","news-healthai-news-whole","ACTIVE","TIME_SENSITIVE_ONLY","ON","OFF","1440m (SLOW)","-","-","T3 (freshness)","-","0.0","PARTIAL","FAIL","PARTIAL","PASS","PARTIAL","-","none",""
"HABER","news-hhs-press-scoped","ACTIVE","TIME_SENSITIVE_ONLY","ON","OFF","1440m (SLOW)","-","-","T3 (freshness)","-","0.1","PARTIAL","PASS","PARTIAL","PASS","PARTIAL","-","none",""
"HABER","news-hma-news-whole","UNRESOLVED","TIME_SENSITIVE_ONLY","ON","OFF","1440m (SLOW)","-","-","T3 (freshness)","-","0.0","PARTIAL","FAIL","PARTIAL","PASS","PARTIAL","no usable dated/official endpoint yet","lifecycle review",""
"HABER","news-hpra-news-scoped","UNRESOLVED","TIME_SENSITIVE_ONLY","ON","OFF","1440m (SLOW)","-","-","T3 (freshness)","-","0.0","PARTIAL","FAIL","PARTIAL","PASS","PARTIAL","no usable dated/official endpoint yet","lifecycle review",""
"HABER","news-hpw-news-whole","ACTIVE","TIME_SENSITIVE_ONLY","ON","OFF","1440m (SLOW)","-","-","T3 (freshness)","-","2.1","PARTIAL","PASS","PARTIAL","PASS","PARTIAL","-","none",""
"HABER","news-hsa-medical-devices-scoped","UNRESOLVED","TIME_SENSITIVE_ONLY","ON","OFF","1440m (SLOW)","-","-","T3 (freshness)","-","0.0","PARTIAL","FAIL","PARTIAL","PASS","PARTIAL","no usable dated/official endpoint yet","lifecycle review",""
"HABER","news-imdrf-news-whole","ACTIVE","TIME_SENSITIVE_ONLY","ON","OFF","1440m (SLOW)","-","-","T3 (freshness)","-","0.0","PARTIAL","FAIL","PARTIAL","PASS","PARTIAL","-","none",""
"HABER","news-jtc21-ai-health-gated","UNRESOLVED","TIME_SENSITIVE_ONLY","ON","OFF","1440m (SLOW)","-","-","T3 (freshness)","-","0.0","PARTIAL","FAIL","PARTIAL","PASS","PARTIAL","no usable dated/official endpoint yet","lifecycle review",""
"HABER","news-massdevice-news-whole","BLOCKED","TIME_SENSITIVE_ONLY","ON","OFF","1440m (SLOW)","-","-","T3 (freshness)","-","0.0","PARTIAL","N/A","PARTIAL","PASS","PARTIAL","access/rate-limit blocked","lifecycle review",""
"HABER","news-medica-sphere-medtech-scoped","UNRESOLVED","TIME_SENSITIVE_ONLY","ON","OFF","1440m (SLOW)","-","-","T3 (freshness)","-","0.0","PARTIAL","FAIL","PARTIAL","PASS","PARTIAL","no usable dated/official endpoint yet","lifecycle review",""
"HABER","news-medical-device-network-news-whole","ACTIVE","TIME_SENSITIVE_ONLY","ON","OFF","1440m (SLOW)","-","-","T3 (freshness)","-","0.7","PARTIAL","PASS","PARTIAL","PASS","PARTIAL","-","none",""
"HABER","news-medtech-dive-news-whole","ACTIVE","TIME_SENSITIVE_ONLY","ON","OFF","1440m (SLOW)","-","-","T3 (freshness)","-","2.9","PARTIAL","PASS","PARTIAL","PASS","PARTIAL","-","none",""
"HABER","news-medtech-europe-news-whole","ACTIVE","TIME_SENSITIVE_ONLY","ON","OFF","1440m (SLOW)","-","-","T3 (freshness)","-","0.0","PARTIAL","FAIL","PARTIAL","PASS","PARTIAL","-","none",""
"HABER","news-mobihealthnews-ai-device-scoped","ACTIVE","TIME_SENSITIVE_ONLY","ON","OFF","10080m (BELOW_SLOW (>24h))","-","-","T3 (freshness)","-","0.0","PARTIAL","FAIL","PARTIAL","PASS","PARTIAL","cadence > 24h for time-sensitive source","lifecycle recalibrate",""
"HABER","news-nhs-aidrs-news-scoped","UNRESOLVED","TIME_SENSITIVE_ONLY","ON","OFF","10080m (BELOW_SLOW (>24h))","-","-","T3 (freshness)","-","0.0","PARTIAL","FAIL","PARTIAL","PASS","PARTIAL","no usable dated/official endpoint yet","lifecycle review",""
"HABER","news-nice-healthtech-scoped","UNRESOLVED","TIME_SENSITIVE_ONLY","ON","OFF","43200m (BELOW_SLOW (>24h))","-","-","T3 (freshness)","-","0.0","PARTIAL","FAIL","PARTIAL","PASS","PARTIAL","no usable dated/official endpoint yet","lifecycle review",""
"HABER","news-observatory-news-whole","UNRESOLVED","TIME_SENSITIVE_ONLY","ON","OFF","1440m (SLOW)","-","-","T3 (freshness)","-","0.0","PARTIAL","FAIL","PARTIAL","PASS","PARTIAL","no usable dated/official endpoint yet","lifecycle review",""
"HABER","news-oecd-health-scoped","ACTIVE","TIME_SENSITIVE_ONLY","ON","OFF","1440m (SLOW)","-","-","T3 (freshness)","-","0.1","PARTIAL","PASS","PARTIAL","PASS","PARTIAL","-","none",""
"HABER","news-pmda-news-scoped","ACTIVE","TIME_SENSITIVE_ONLY","ON","OFF","1440m (SLOW)","-","-","T3 (freshness)","-","0.0","PARTIAL","FAIL","PARTIAL","PASS","PARTIAL","-","none",""
"HABER","news-raps-regulatory-focus-scoped","ACTIVE","TIME_SENSITIVE_ONLY","ON","OFF","1440m (SLOW)","-","-","T3 (freshness)","-","0.0","PARTIAL","FAIL","PARTIAL","PASS","PARTIAL","-","none",""
"HABER","news-reuters-healthcare-scoped","ACTIVE","TIME_SENSITIVE_ONLY","ON","OFF","1440m (SLOW)","-","-","T3 (freshness)","-","6.0","PARTIAL","PASS","PARTIAL","PASS","PARTIAL","-","none",""
"HABER","news-saglik-bakanligi-whole","UNRESOLVED","TIME_SENSITIVE_ONLY","ON","OFF","1440m (SLOW)","-","-","T3 (freshness)","-","0.0","PARTIAL","FAIL","PARTIAL","PASS","PARTIAL","no usable dated/official endpoint yet","lifecycle review",""
"HABER","news-swissmedic-news-scoped","ACTIVE","TIME_SENSITIVE_ONLY","ON","OFF","10080m (BELOW_SLOW (>24h))","-","-","T3 (freshness)","-","0.7","PARTIAL","PASS","PARTIAL","PASS","PARTIAL","cadence > 24h for time-sensitive source","lifecycle recalibrate",""
"HABER","news-team-nb-news-whole","ACTIVE","TIME_SENSITIVE_ONLY","ON","OFF","1440m (SLOW)","-","-","T3 (freshness)","-","0.3","PARTIAL","PASS","PARTIAL","PASS","PARTIAL","-","none",""
"HABER","news-tuseb-health-tech-innovation","ACTIVE","TIME_SENSITIVE_ONLY","ON","OFF","1440m (SLOW)","-","-","T3 (freshness)","-","0.0","PARTIAL","FAIL","PARTIAL","PASS","PARTIAL","-","none",""
"HABER","news-tuyze-saglikta-yapay-zeka","UNRESOLVED","TIME_SENSITIVE_ONLY","ON","OFF","1440m (SLOW)","-","-","T3 (freshness)","-","0.0","PARTIAL","FAIL","PARTIAL","PASS","PARTIAL","no usable dated/official endpoint yet","lifecycle review",""
"HABER","news-un-news-health-scoped","ACTIVE","TIME_SENSITIVE_ONLY","ON","OFF","1440m (SLOW)","-","-","T3 (freshness)","-","0.0","PARTIAL","FAIL","PARTIAL","PASS","PARTIAL","-","none",""
"RESEARCH","research-pubmed-advances-nutrition","ACTIVE","BOTH_PATHS_ENABLED","ON","PROPOSED","43200m (BELOW_SLOW (>24h))","new daily; rediscovery 24-72h (proposed)","EG 1-3/day per family (proposed)","T1 (iCite/EuropePMC/OpenAlex)","iCite, Europe PMC, OpenAlex(key pending), Crossref","0.4","FAIL","PARTIAL","PARTIAL","PARTIAL","PARTIAL","evergreen path + signals not implemented","implement path (phase 3/4)",""
"RESEARCH","research-pubmed-age-ageing","ACTIVE","BOTH_PATHS_ENABLED","ON","PROPOSED","43200m (BELOW_SLOW (>24h))","new daily; rediscovery 24-72h (proposed)","EG 1-3/day per family (proposed)","T1 (iCite/EuropePMC/OpenAlex)","iCite, Europe PMC, OpenAlex(key pending), Crossref","2.1","FAIL","PARTIAL","PARTIAL","PARTIAL","PARTIAL","evergreen path + signals not implemented","implement path (phase 3/4)",""
"RESEARCH","research-pubmed-aging-longevity","ACTIVE","BOTH_PATHS_ENABLED","ON","PROPOSED","43200m (BELOW_SLOW (>24h))","new daily; rediscovery 24-72h (proposed)","EG 1-3/day per family (proposed)","T1 (iCite/EuropePMC/OpenAlex)","iCite, Europe PMC, OpenAlex(key pending), Crossref","4.1","FAIL","PARTIAL","PARTIAL","PARTIAL","PARTIAL","evergreen path + signals not implemented","implement path (phase 3/4)",""
"RESEARCH","research-pubmed-ajcn","ACTIVE","BOTH_PATHS_ENABLED","ON","PROPOSED","43200m (BELOW_SLOW (>24h))","new daily; rediscovery 24-72h (proposed)","EG 1-3/day per family (proposed)","T1 (iCite/EuropePMC/OpenAlex)","iCite, Europe PMC, OpenAlex(key pending), Crossref","0.4","FAIL","PARTIAL","PARTIAL","PARTIAL","PARTIAL","evergreen path + signals not implemented","implement path (phase 3/4)",""
"RESEARCH","research-pubmed-bmc-cmt","ACTIVE","BOTH_PATHS_ENABLED","ON","PROPOSED","43200m (BELOW_SLOW (>24h))","new daily; rediscovery 24-72h (proposed)","EG 1-3/day per family (proposed)","T1 (iCite/EuropePMC/OpenAlex)","iCite, Europe PMC, OpenAlex(key pending), Crossref","2.7","FAIL","PARTIAL","PARTIAL","PARTIAL","PARTIAL","evergreen path + signals not implemented","implement path (phase 3/4)",""
"RESEARCH","research-pubmed-bmj-nph","ACTIVE","BOTH_PATHS_ENABLED","ON","PROPOSED","43200m (BELOW_SLOW (>24h))","new daily; rediscovery 24-72h (proposed)","EG 1-3/day per family (proposed)","T1 (iCite/EuropePMC/OpenAlex)","iCite, Europe PMC, OpenAlex(key pending), Crossref","2.1","FAIL","PARTIAL","PARTIAL","PARTIAL","PARTIAL","evergreen path + signals not implemented","implement path (phase 3/4)",""
"RESEARCH","research-pubmed-br-j-nutr","ACTIVE","BOTH_PATHS_ENABLED","ON","PROPOSED","43200m (BELOW_SLOW (>24h))","new daily; rediscovery 24-72h (proposed)","EG 1-3/day per family (proposed)","T1 (iCite/EuropePMC/OpenAlex)","iCite, Europe PMC, OpenAlex(key pending), Crossref","2.1","FAIL","PARTIAL","PARTIAL","PARTIAL","PARTIAL","evergreen path + signals not implemented","implement path (phase 3/4)",""
"RESEARCH","research-pubmed-clin-nutr","ACTIVE","BOTH_PATHS_ENABLED","ON","PROPOSED","43200m (BELOW_SLOW (>24h))","new daily; rediscovery 24-72h (proposed)","EG 1-3/day per family (proposed)","T1 (iCite/EuropePMC/OpenAlex)","iCite, Europe PMC, OpenAlex(key pending), Crossref","2.1","FAIL","PARTIAL","PARTIAL","PARTIAL","PARTIAL","evergreen path + signals not implemented","implement path (phase 3/4)",""
"RESEARCH","research-pubmed-ctm","ACTIVE","BOTH_PATHS_ENABLED","ON","PROPOSED","43200m (BELOW_SLOW (>24h))","new daily; rediscovery 24-72h (proposed)","EG 1-3/day per family (proposed)","T1 (iCite/EuropePMC/OpenAlex)","iCite, Europe PMC, OpenAlex(key pending), Crossref","2.4","FAIL","PARTIAL","PARTIAL","PARTIAL","PARTIAL","evergreen path + signals not implemented","implement path (phase 3/4)",""
"RESEARCH","research-pubmed-curr-dev-nutrition","ACTIVE","BOTH_PATHS_ENABLED","ON","PROPOSED","43200m (BELOW_SLOW (>24h))","new daily; rediscovery 24-72h (proposed)","EG 1-3/day per family (proposed)","T1 (iCite/EuropePMC/OpenAlex)","iCite, Europe PMC, OpenAlex(key pending), Crossref","0.3","FAIL","PARTIAL","PARTIAL","PARTIAL","PARTIAL","evergreen path + signals not implemented","implement path (phase 3/4)",""
"RESEARCH","research-pubmed-exp-gerontol","ACTIVE","BOTH_PATHS_ENABLED","ON","PROPOSED","43200m (BELOW_SLOW (>24h))","new daily; rediscovery 24-72h (proposed)","EG 1-3/day per family (proposed)","T1 (iCite/EuropePMC/OpenAlex)","iCite, Europe PMC, OpenAlex(key pending), Crossref","2.1","FAIL","PARTIAL","PARTIAL","PARTIAL","PARTIAL","evergreen path + signals not implemented","implement path (phase 3/4)",""
"RESEARCH","research-pubmed-explore","ACTIVE","BOTH_PATHS_ENABLED","ON","PROPOSED","43200m (BELOW_SLOW (>24h))","new daily; rediscovery 24-72h (proposed)","EG 1-3/day per family (proposed)","T1 (iCite/EuropePMC/OpenAlex)","iCite, Europe PMC, OpenAlex(key pending), Crossref","2.1","FAIL","PARTIAL","PARTIAL","PARTIAL","PARTIAL","evergreen path + signals not implemented","implement path (phase 3/4)",""
"RESEARCH","research-pubmed-front-aging","ACTIVE","BOTH_PATHS_ENABLED","ON","PROPOSED","43200m (BELOW_SLOW (>24h))","new daily; rediscovery 24-72h (proposed)","EG 1-3/day per family (proposed)","T1 (iCite/EuropePMC/OpenAlex)","iCite, Europe PMC, OpenAlex(key pending), Crossref","3.0","FAIL","PARTIAL","PARTIAL","PARTIAL","PARTIAL","evergreen path + signals not implemented","implement path (phase 3/4)",""
"RESEARCH","research-pubmed-front-nutr","ACTIVE","BOTH_PATHS_ENABLED","ON","PROPOSED","43200m (BELOW_SLOW (>24h))","new daily; rediscovery 24-72h (proposed)","EG 1-3/day per family (proposed)","T1 (iCite/EuropePMC/OpenAlex)","iCite, Europe PMC, OpenAlex(key pending), Crossref","4.3","FAIL","PARTIAL","PARTIAL","PARTIAL","PARTIAL","evergreen path + signals not implemented","implement path (phase 3/4)",""
"RESEARCH","research-pubmed-gerontologist","ACTIVE","BOTH_PATHS_ENABLED","ON","PROPOSED","43200m (BELOW_SLOW (>24h))","new daily; rediscovery 24-72h (proposed)","EG 1-3/day per family (proposed)","T1 (iCite/EuropePMC/OpenAlex)","iCite, Europe PMC, OpenAlex(key pending), Crossref","2.1","FAIL","PARTIAL","PARTIAL","PARTIAL","PARTIAL","evergreen path + signals not implemented","implement path (phase 3/4)",""
"RESEARCH","research-pubmed-imr","ACTIVE","BOTH_PATHS_ENABLED","ON","PROPOSED","43200m (BELOW_SLOW (>24h))","new daily; rediscovery 24-72h (proposed)","EG 1-3/day per family (proposed)","T1 (iCite/EuropePMC/OpenAlex)","iCite, Europe PMC, OpenAlex(key pending), Crossref","2.1","FAIL","PARTIAL","PARTIAL","PARTIAL","PARTIAL","evergreen path + signals not implemented","implement path (phase 3/4)",""
"RESEARCH","research-pubmed-integrative","ACTIVE","BOTH_PATHS_ENABLED","ON","PROPOSED","43200m (BELOW_SLOW (>24h))","new daily; rediscovery 24-72h (proposed)","EG 1-3/day per family (proposed)","T1 (iCite/EuropePMC/OpenAlex)","iCite, Europe PMC, OpenAlex(key pending), Crossref","2.1","FAIL","PARTIAL","PARTIAL","PARTIAL","PARTIAL","evergreen path + signals not implemented","implement path (phase 3/4)",""
"RESEARCH","research-pubmed-j-diet-suppl","ACTIVE","BOTH_PATHS_ENABLED","ON","PROPOSED","43200m (BELOW_SLOW (>24h))","new daily; rediscovery 24-72h (proposed)","EG 1-3/day per family (proposed)","T1 (iCite/EuropePMC/OpenAlex)","iCite, Europe PMC, OpenAlex(key pending), Crossref","2.1","FAIL","PARTIAL","PARTIAL","PARTIAL","PARTIAL","evergreen path + signals not implemented","implement path (phase 3/4)",""
"RESEARCH","research-pubmed-jand","ACTIVE","BOTH_PATHS_ENABLED","ON","PROPOSED","43200m (BELOW_SLOW (>24h))","new daily; rediscovery 24-72h (proposed)","EG 1-3/day per family (proposed)","T1 (iCite/EuropePMC/OpenAlex)","iCite, Europe PMC, OpenAlex(key pending), Crossref","0.6","FAIL","PARTIAL","PARTIAL","PARTIAL","PARTIAL","evergreen path + signals not implemented","implement path (phase 3/4)",""
"RESEARCH","research-pubmed-japha","ACTIVE","BOTH_PATHS_ENABLED","ON","PROPOSED","43200m (BELOW_SLOW (>24h))","new daily; rediscovery 24-72h (proposed)","EG 1-3/day per family (proposed)","T1 (iCite/EuropePMC/OpenAlex)","iCite, Europe PMC, OpenAlex(key pending), Crossref","0.4","FAIL","PARTIAL","PARTIAL","PARTIAL","PARTIAL","evergreen path + signals not implemented","implement path (phase 3/4)",""
"RESEARCH","research-pubmed-jgosa","ACTIVE","BOTH_PATHS_ENABLED","ON","PROPOSED","43200m (BELOW_SLOW (>24h))","new daily; rediscovery 24-72h (proposed)","EG 1-3/day per family (proposed)","T1 (iCite/EuropePMC/OpenAlex)","iCite, Europe PMC, OpenAlex(key pending), Crossref","2.1","FAIL","PARTIAL","PARTIAL","PARTIAL","PARTIAL","evergreen path + signals not implemented","implement path (phase 3/4)",""
"RESEARCH","research-pubmed-jicm","ACTIVE","BOTH_PATHS_ENABLED","ON","PROPOSED","43200m (BELOW_SLOW (>24h))","new daily; rediscovery 24-72h (proposed)","EG 1-3/day per family (proposed)","T1 (iCite/EuropePMC/OpenAlex)","iCite, Europe PMC, OpenAlex(key pending), Crossref","1.9","FAIL","PARTIAL","PARTIAL","PARTIAL","PARTIAL","evergreen path + signals not implemented","implement path (phase 3/4)",""
"RESEARCH","research-pubmed-journal-of-nutrition","ACTIVE","BOTH_PATHS_ENABLED","ON","PROPOSED","43200m (BELOW_SLOW (>24h))","new daily; rediscovery 24-72h (proposed)","EG 1-3/day per family (proposed)","T1 (iCite/EuropePMC/OpenAlex)","iCite, Europe PMC, OpenAlex(key pending), Crossref","1.3","FAIL","PARTIAL","PARTIAL","PARTIAL","PARTIAL","evergreen path + signals not implemented","implement path (phase 3/4)",""
"RESEARCH","research-pubmed-mech-ageing","ACTIVE","BOTH_PATHS_ENABLED","ON","PROPOSED","43200m (BELOW_SLOW (>24h))","new daily; rediscovery 24-72h (proposed)","EG 1-3/day per family (proposed)","T1 (iCite/EuropePMC/OpenAlex)","iCite, Europe PMC, OpenAlex(key pending), Crossref","2.1","FAIL","PARTIAL","PARTIAL","PARTIAL","PARTIAL","evergreen path + signals not implemented","implement path (phase 3/4)",""
"RESEARCH","research-pubmed-nat-aging","ACTIVE","BOTH_PATHS_ENABLED","ON","PROPOSED","43200m (BELOW_SLOW (>24h))","new daily; rediscovery 24-72h (proposed)","EG 1-3/day per family (proposed)","T1 (iCite/EuropePMC/OpenAlex)","iCite, Europe PMC, OpenAlex(key pending), Crossref","3.0","FAIL","PARTIAL","PARTIAL","PARTIAL","PARTIAL","evergreen path + signals not implemented","implement path (phase 3/4)",""
"RESEARCH","research-pubmed-nat-metab","ACTIVE","BOTH_PATHS_ENABLED","ON","PROPOSED","43200m (BELOW_SLOW (>24h))","new daily; rediscovery 24-72h (proposed)","EG 1-3/day per family (proposed)","T1 (iCite/EuropePMC/OpenAlex)","iCite, Europe PMC, OpenAlex(key pending), Crossref","2.3","FAIL","PARTIAL","PARTIAL","PARTIAL","PARTIAL","evergreen path + signals not implemented","implement path (phase 3/4)",""
"RESEARCH","research-pubmed-nutrients","ACTIVE","BOTH_PATHS_ENABLED","ON","PROPOSED","43200m (BELOW_SLOW (>24h))","new daily; rediscovery 24-72h (proposed)","EG 1-3/day per family (proposed)","T1 (iCite/EuropePMC/OpenAlex)","iCite, Europe PMC, OpenAlex(key pending), Crossref","4.3","FAIL","PARTIAL","PARTIAL","PARTIAL","PARTIAL","evergreen path + signals not implemented","implement path (phase 3/4)",""
"RESEARCH","research-pubmed-nutrition-journal","ACTIVE","BOTH_PATHS_ENABLED","ON","PROPOSED","43200m (BELOW_SLOW (>24h))","new daily; rediscovery 24-72h (proposed)","EG 1-3/day per family (proposed)","T1 (iCite/EuropePMC/OpenAlex)","iCite, Europe PMC, OpenAlex(key pending), Crossref","0.0","FAIL","FAIL","PARTIAL","PARTIAL","PARTIAL","evergreen path + signals not implemented","implement path (phase 3/4)",""
"RESEARCH","research-pubmed-nutrition-reviews","ACTIVE","BOTH_PATHS_ENABLED","ON","PROPOSED","43200m (BELOW_SLOW (>24h))","new daily; rediscovery 24-72h (proposed)","EG 1-3/day per family (proposed)","T1 (iCite/EuropePMC/OpenAlex)","iCite, Europe PMC, OpenAlex(key pending), Crossref","0.1","FAIL","PARTIAL","PARTIAL","PARTIAL","PARTIAL","evergreen path + signals not implemented","implement path (phase 3/4)",""
"RESEARCH","research-pubmed-ph-nutr","ACTIVE","BOTH_PATHS_ENABLED","ON","PROPOSED","43200m (BELOW_SLOW (>24h))","new daily; rediscovery 24-72h (proposed)","EG 1-3/day per family (proposed)","T1 (iCite/EuropePMC/OpenAlex)","iCite, Europe PMC, OpenAlex(key pending), Crossref","2.1","FAIL","PARTIAL","PARTIAL","PARTIAL","PARTIAL","evergreen path + signals not implemented","implement path (phase 3/4)",""
"RESEARCH","research-pubmed-supplements","ACTIVE","BOTH_PATHS_ENABLED","ON","PROPOSED","43200m (BELOW_SLOW (>24h))","new daily; rediscovery 24-72h (proposed)","EG 1-3/day per family (proposed)","T1 (iCite/EuropePMC/OpenAlex)","iCite, Europe PMC, OpenAlex(key pending), Crossref","2.0","FAIL","PARTIAL","PARTIAL","PARTIAL","PARTIAL","evergreen path + signals not implemented","implement path (phase 3/4)",""
"RESEARCH","research-bmj","ACTIVE","BOTH_PATHS_ENABLED","ON","PROPOSED","1440m (SLOW)","new daily; rediscovery 24-72h (proposed)","EG 1-3/day per family (proposed)","T1 (iCite/EuropePMC/OpenAlex)","iCite, Europe PMC, OpenAlex(key pending), Crossref","1.7","FAIL","PARTIAL","PARTIAL","PARTIAL","PARTIAL","evergreen path + signals not implemented","implement path (phase 3/4)",""
"RESEARCH","research-cell","ACTIVE","BOTH_PATHS_ENABLED","ON","PROPOSED","1440m (SLOW)","new daily; rediscovery 24-72h (proposed)","EG 1-3/day per family (proposed)","T1 (iCite/EuropePMC/OpenAlex)","iCite, Europe PMC, OpenAlex(key pending), Crossref","0.3","FAIL","PARTIAL","PARTIAL","PARTIAL","PARTIAL","evergreen path + signals not implemented","implement path (phase 3/4)",""
"RESEARCH","research-chest-journal","ACTIVE","BOTH_PATHS_ENABLED","ON","PROPOSED","1440m (SLOW)","new daily; rediscovery 24-72h (proposed)","EG 1-3/day per family (proposed)","T1 (iCite/EuropePMC/OpenAlex)","iCite, Europe PMC, OpenAlex(key pending), Crossref","0.3","FAIL","PARTIAL","PARTIAL","PARTIAL","PARTIAL","evergreen path + signals not implemented","implement path (phase 3/4)",""
"RESEARCH","research-circulation-aha","ACTIVE","BOTH_PATHS_ENABLED","ON","PROPOSED","1440m (SLOW)","new daily; rediscovery 24-72h (proposed)","EG 1-3/day per family (proposed)","T1 (iCite/EuropePMC/OpenAlex)","iCite, Europe PMC, OpenAlex(key pending), Crossref","1.7","FAIL","PARTIAL","PARTIAL","PARTIAL","PARTIAL","evergreen path + signals not implemented","implement path (phase 3/4)",""
"RESEARCH","research-clinicaltrials-gov-api-v2","ACTIVE","SPECIAL_STATE_CHANGE","ON","OFF","1440m (SLOW)","-","-","T3 (freshness)","-","10.3","PARTIAL","PARTIAL","PARTIAL","PASS","PARTIAL","-","none","STATE_CHANGE tracking (TS)"
"RESEARCH","research-cochrane-library","BLOCKED","EVERGREEN_ONLY","OFF","ON","-","new daily; rediscovery 24-72h (proposed)","1-3/day (proposed)","T3 (T2 where featured)","-","0.0","FAIL","N/A","PARTIAL","PARTIAL","PARTIAL","access/rate-limit blocked","implement path (phase 3/4)","cochranelibrary.com returns 403 to automated fetch: blocked"
"RESEARCH","research-crossref-rest-api","ACTIVE","SIGNAL_PROVIDER","N/A","N/A","-","-","-","-","-","0.0","PARTIAL","N/A","PARTIAL","PASS","PARTIAL","-","none",""
"RESEARCH","research-crossref-retraction-watch-data","UNRESOLVED","SIGNAL_PROVIDER","N/A","N/A","-","-","-","-","-","0.0","PARTIAL","N/A","PARTIAL","PASS","PARTIAL","no usable dated/official endpoint yet","lifecycle review",""
"RESEARCH","research-eurekalert","ACTIVE","TIME_SENSITIVE_ONLY","ON","OFF","1440m (SLOW)","-","-","T3 (freshness)","-","1.0","PARTIAL","PASS","PARTIAL","PASS","PARTIAL","-","none",""
"RESEARCH","research-european-heart-journal","ACTIVE","BOTH_PATHS_ENABLED","ON","PROPOSED","1440m (SLOW)","new daily; rediscovery 24-72h (proposed)","EG 1-3/day per family (proposed)","T1 (iCite/EuropePMC/OpenAlex)","iCite, Europe PMC, OpenAlex(key pending), Crossref","1.7","FAIL","PARTIAL","PARTIAL","PARTIAL","PARTIAL","evergreen path + signals not implemented","implement path (phase 3/4)",""
"RESEARCH","research-european-respiratory-journal","ACTIVE","BOTH_PATHS_ENABLED","ON","PROPOSED","1440m (SLOW)","new daily; rediscovery 24-72h (proposed)","EG 1-3/day per family (proposed)","T1 (iCite/EuropePMC/OpenAlex)","iCite, Europe PMC, OpenAlex(key pending), Crossref","0.7","FAIL","PARTIAL","PARTIAL","PARTIAL","PARTIAL","evergreen path + signals not implemented","implement path (phase 3/4)",""
"RESEARCH","research-gdelt-doc-api","ACTIVE","SIGNAL_PROVIDER","N/A","N/A","-","-","-","-","-","0.0","PARTIAL","N/A","PARTIAL","PASS","PARTIAL","-","none",""
"RESEARCH","research-ieee-jbhi","ACTIVE","BOTH_PATHS_ENABLED","ON","PROPOSED","1440m (SLOW)","new daily; rediscovery 24-72h (proposed)","EG 1-3/day per family (proposed)","T1 (iCite/EuropePMC/OpenAlex)","iCite, Europe PMC, OpenAlex(key pending), Crossref","0.0","FAIL","FAIL","PARTIAL","PARTIAL","PARTIAL","evergreen path + signals not implemented","implement path (phase 3/4)",""
"RESEARCH","research-ieee-tbme","ACTIVE","BOTH_PATHS_ENABLED","ON","PROPOSED","1440m (SLOW)","new daily; rediscovery 24-72h (proposed)","EG 1-3/day per family (proposed)","T1 (iCite/EuropePMC/OpenAlex)","iCite, Europe PMC, OpenAlex(key pending), Crossref","1.7","FAIL","PARTIAL","PARTIAL","PARTIAL","PARTIAL","evergreen path + signals not implemented","implement path (phase 3/4)",""
"RESEARCH","research-jacc","ACTIVE","BOTH_PATHS_ENABLED","ON","PROPOSED","1440m (SLOW)","new daily; rediscovery 24-72h (proposed)","EG 1-3/day per family (proposed)","T1 (iCite/EuropePMC/OpenAlex)","iCite, Europe PMC, OpenAlex(key pending), Crossref","0.3","FAIL","PARTIAL","PARTIAL","PARTIAL","PARTIAL","evergreen path + signals not implemented","implement path (phase 3/4)",""
"RESEARCH","research-jaha","ACTIVE","BOTH_PATHS_ENABLED","ON","PROPOSED","1440m (SLOW)","new daily; rediscovery 24-72h (proposed)","EG 1-3/day per family (proposed)","T1 (iCite/EuropePMC/OpenAlex)","iCite, Europe PMC, OpenAlex(key pending), Crossref","1.7","FAIL","PARTIAL","PARTIAL","PARTIAL","PARTIAL","evergreen path + signals not implemented","implement path (phase 3/4)",""
"RESEARCH","research-jama-network","ACTIVE","BOTH_PATHS_ENABLED","ON","PROPOSED","1440m (SLOW)","new daily; rediscovery 24-72h (proposed)","EG 1-3/day per family (proposed)","T1 (iCite/EuropePMC/OpenAlex)","iCite, Europe PMC, OpenAlex(key pending), Crossref","0.0","FAIL","FAIL","PARTIAL","PARTIAL","PARTIAL","evergreen path + signals not implemented","implement path (phase 3/4)",""
"RESEARCH","research-jmir","ACTIVE","BOTH_PATHS_ENABLED","ON","PROPOSED","1440m (SLOW)","new daily; rediscovery 24-72h (proposed)","EG 1-3/day per family (proposed)","T1 (iCite/EuropePMC/OpenAlex)","iCite, Europe PMC, OpenAlex(key pending), Crossref","1.7","FAIL","PARTIAL","PARTIAL","PARTIAL","PARTIAL","evergreen path + signals not implemented","implement path (phase 3/4)",""
"RESEARCH","research-lancet-digital-health","ACTIVE","BOTH_PATHS_ENABLED","ON","PROPOSED","1440m (SLOW)","new daily; rediscovery 24-72h (proposed)","EG 1-3/day per family (proposed)","T1 (iCite/EuropePMC/OpenAlex)","iCite, Europe PMC, OpenAlex(key pending), Crossref","0.1","FAIL","PARTIAL","PARTIAL","PARTIAL","PARTIAL","evergreen path + signals not implemented","implement path (phase 3/4)",""
"RESEARCH","research-medical-xpress","ACTIVE","TIME_SENSITIVE_ONLY","ON","OFF","1440m (SLOW)","-","-","T3 (freshness)","-","22.1","PARTIAL","PASS","PARTIAL","PASS","PARTIAL","-","none",""
"RESEARCH","research-medrxiv-preprint","ACTIVE","TS+EG(restricted)","ON","RESTRICTED","1440m (SLOW)","-","-","T3 (freshness)","-","0.0","PARTIAL","FAIL","PARTIAL","PASS","PARTIAL","-","none","TS ON / EVERGREEN RESTRICTED (preprint)"
"RESEARCH","research-nature","ACTIVE","BOTH_PATHS_ENABLED","ON","PROPOSED","1440m (SLOW)","new daily; rediscovery 24-72h (proposed)","EG 1-3/day per family (proposed)","T1 (iCite/EuropePMC/OpenAlex)","iCite, Europe PMC, OpenAlex(key pending), Crossref","2.4","FAIL","PARTIAL","PARTIAL","PARTIAL","PARTIAL","evergreen path + signals not implemented","implement path (phase 3/4)",""
"RESEARCH","research-nature-biotechnology","ACTIVE","BOTH_PATHS_ENABLED","ON","PROPOSED","1440m (SLOW)","new daily; rediscovery 24-72h (proposed)","EG 1-3/day per family (proposed)","T1 (iCite/EuropePMC/OpenAlex)","iCite, Europe PMC, OpenAlex(key pending), Crossref","0.6","FAIL","PARTIAL","PARTIAL","PARTIAL","PARTIAL","evergreen path + signals not implemented","implement path (phase 3/4)",""
"RESEARCH","research-nature-genetics","ACTIVE","BOTH_PATHS_ENABLED","ON","PROPOSED","1440m (SLOW)","new daily; rediscovery 24-72h (proposed)","EG 1-3/day per family (proposed)","T1 (iCite/EuropePMC/OpenAlex)","iCite, Europe PMC, OpenAlex(key pending), Crossref","0.9","FAIL","PARTIAL","PARTIAL","PARTIAL","PARTIAL","evergreen path + signals not implemented","implement path (phase 3/4)",""
"RESEARCH","research-nature-medicine","ACTIVE","BOTH_PATHS_ENABLED","ON","PROPOSED","1440m (SLOW)","new daily; rediscovery 24-72h (proposed)","EG 1-3/day per family (proposed)","T1 (iCite/EuropePMC/OpenAlex)","iCite, Europe PMC, OpenAlex(key pending), Crossref","1.6","FAIL","PARTIAL","PARTIAL","PARTIAL","PARTIAL","evergreen path + signals not implemented","implement path (phase 3/4)",""
"RESEARCH","research-nature-news","ACTIVE","TIME_SENSITIVE_ONLY","ON","OFF","1440m (SLOW)","-","-","T3 (freshness)","-","0.9","PARTIAL","PASS","PARTIAL","PASS","PARTIAL","-","none",""
"RESEARCH","research-nejm","ACTIVE","BOTH_PATHS_ENABLED","ON","PROPOSED","1440m (SLOW)","new daily; rediscovery 24-72h (proposed)","EG 1-3/day per family (proposed)","T1 (iCite/EuropePMC/OpenAlex)","iCite, Europe PMC, OpenAlex(key pending), Crossref","3.3","FAIL","PARTIAL","PARTIAL","PARTIAL","PARTIAL","evergreen path + signals not implemented","implement path (phase 3/4)",""
"RESEARCH","research-nejm-ai","ACTIVE","BOTH_PATHS_ENABLED","ON","PROPOSED","1440m (SLOW)","new daily; rediscovery 24-72h (proposed)","EG 1-3/day per family (proposed)","T1 (iCite/EuropePMC/OpenAlex)","iCite, Europe PMC, OpenAlex(key pending), Crossref","0.6","FAIL","PARTIAL","PARTIAL","PARTIAL","PARTIAL","evergreen path + signals not implemented","implement path (phase 3/4)",""
"RESEARCH","research-nih-news-releases","ACTIVE","TIME_SENSITIVE_ONLY","ON","OFF","1440m (SLOW)","-","-","T3 (freshness)","-","0.1","PARTIAL","PASS","PARTIAL","PASS","PARTIAL","-","none",""
"RESEARCH","research-npj-digital-medicine","ACTIVE","BOTH_PATHS_ENABLED","ON","PROPOSED","1440m (SLOW)","new daily; rediscovery 24-72h (proposed)","EG 1-3/day per family (proposed)","T1 (iCite/EuropePMC/OpenAlex)","iCite, Europe PMC, OpenAlex(key pending), Crossref","3.1","FAIL","PARTIAL","PARTIAL","PARTIAL","PARTIAL","evergreen path + signals not implemented","implement path (phase 3/4)",""
"RESEARCH","research-openalex-api","BLOCKED","SIGNAL_PROVIDER","N/A","N/A","-","-","-","-","-","0.0","PARTIAL","N/A","PARTIAL","PASS","PARTIAL","access/rate-limit blocked","lifecycle review",""
"RESEARCH","research-pubmed-central-oa","ACTIVE","SIGNAL_PROVIDER","N/A","N/A","-","-","-","-","-","0.0","PARTIAL","N/A","PARTIAL","PASS","PARTIAL","-","none",""
"RESEARCH","research-science","BLOCKED","BOTH_PATHS_ENABLED","ON","PROPOSED","1440m (SLOW)","new daily; rediscovery 24-72h (proposed)","EG 1-3/day per family (proposed)","T1 (iCite/EuropePMC/OpenAlex)","iCite, Europe PMC, OpenAlex(key pending), Crossref","0.0","FAIL","N/A","PARTIAL","PARTIAL","PARTIAL","access/rate-limit blocked","implement path (phase 3/4)",""
"RESEARCH","research-science-translational-medicine","BLOCKED","BOTH_PATHS_ENABLED","ON","PROPOSED","1440m (SLOW)","new daily; rediscovery 24-72h (proposed)","EG 1-3/day per family (proposed)","T1 (iCite/EuropePMC/OpenAlex)","iCite, Europe PMC, OpenAlex(key pending), Crossref","0.0","FAIL","N/A","PARTIAL","PARTIAL","PARTIAL","access/rate-limit blocked","implement path (phase 3/4)",""
"RESEARCH","research-stat-news","ACTIVE","TIME_SENSITIVE_ONLY","ON","OFF","1440m (SLOW)","-","-","T3 (freshness)","-","10.6","PARTIAL","PASS","PARTIAL","PASS","PARTIAL","-","none",""
"RESEARCH","research-the-lancet","ACTIVE","BOTH_PATHS_ENABLED","ON","PROPOSED","1440m (SLOW)","new daily; rediscovery 24-72h (proposed)","EG 1-3/day per family (proposed)","T1 (iCite/EuropePMC/OpenAlex)","iCite, Europe PMC, OpenAlex(key pending), Crossref","0.3","FAIL","PARTIAL","PARTIAL","PARTIAL","PARTIAL","evergreen path + signals not implemented","implement path (phase 3/4)",""
"RESEARCH","research-europe-pmc-rest","ACTIVE","SIGNAL_PROVIDER","N/A","N/A","-","-","-","-","-","0.1","PARTIAL","N/A","PARTIAL","PASS","PARTIAL","-","none",""
"RESEARCH","research-asn-news","ACTIVE","TIME_SENSITIVE_ONLY","ON","CANDIDATE_ENDPOINT","1440m (SLOW)","-","-","T3 (freshness)","-","1.3","PARTIAL","PASS","PARTIAL","PASS","PARTIAL","-","none","wp-sitemap posts (13 slices, no lastmod)"
"RESEARCH","research-nature-ageing-hub","ACTIVE","BOTH_PATHS_ENABLED","ON","PROPOSED","1440m (SLOW)","new daily; rediscovery 24-72h (proposed)","EG 1-3/day per family (proposed)","T1 (iCite/EuropePMC/OpenAlex)","iCite, Europe PMC, OpenAlex(key pending), Crossref","3.3","FAIL","PARTIAL","PARTIAL","PARTIAL","PARTIAL","evergreen path + signals not implemented","implement path (phase 3/4)","subject archive pages ?page=N"
"RESEARCH","research-nature-nutrition-hub","ACTIVE","BOTH_PATHS_ENABLED","ON","PROPOSED","1440m (SLOW)","new daily; rediscovery 24-72h (proposed)","EG 1-3/day per family (proposed)","T1 (iCite/EuropePMC/OpenAlex)","iCite, Europe PMC, OpenAlex(key pending), Crossref","3.1","FAIL","PARTIAL","PARTIAL","PARTIAL","PARTIAL","evergreen path + signals not implemented","implement path (phase 3/4)","subject archive pages ?page=N"
"RESEARCH","research-nccih-news","ACTIVE","TIME_SENSITIVE_ONLY","ON","CANDIDATE_ENDPOINT","1440m (SLOW)","-","-","T3 (freshness)","-","0.6","PARTIAL","PASS","PARTIAL","PASS","PARTIAL","-","none","nccih.nih.gov/health topic pages (sitemap-0.xml, no lastmod)"
"RESEARCH","research-sciencedaily-alternative-medicine","ACTIVE","TIME_SENSITIVE_ONLY","ON","OFF","1440m (SLOW)","-","-","T3 (freshness)","-","4.0","PARTIAL","PASS","PARTIAL","PASS","PARTIAL","-","none",""
"RESEARCH","research-sciencedaily-dietary-supplements","ACTIVE","TIME_SENSITIVE_ONLY","ON","OFF","1440m (SLOW)","-","-","T3 (freshness)","-","3.4","PARTIAL","PASS","PARTIAL","PASS","PARTIAL","-","none",""
"RESEARCH","research-sciencedaily-healthy-aging","ACTIVE","TIME_SENSITIVE_ONLY","ON","OFF","1440m (SLOW)","-","-","T3 (freshness)","-","3.4","PARTIAL","PASS","PARTIAL","PASS","PARTIAL","-","none",""
"DUYURU","osym_medical_exams","ACTIVE","TIME_SENSITIVE_ONLY","ON","OFF","1440m (SLOW; runner floor 1440)","-","-","T3 (freshness)","-","3.1 (stored total 24)","PARTIAL","PASS","PARTIAL","PASS","PARTIAL","-","none",""
"DUYURU","yok_medical_education","ACTIVE","TIME_SENSITIVE_ONLY","ON","OFF","43200m (BELOW_SLOW (>24h); runner floor 1440)","-","-","T3 (freshness)","-","0.0 (stored total 0)","PARTIAL","FAIL","PARTIAL","PASS","PARTIAL","cadence > 24h for time-sensitive source","lifecycle recalibrate",""
"DUYURU","yokak_medical_accreditation","ACTIVE","TIME_SENSITIVE_ONLY","ON","OFF","43200m (BELOW_SLOW (>24h); runner floor 1440)","-","-","T3 (freshness)","-","0.0 (stored total 0)","PARTIAL","FAIL","PARTIAL","PASS","PARTIAL","cadence > 24h for time-sensitive source","lifecycle recalibrate",""
"DUYURU","tuk_specialty_training","ACTIVE","TIME_SENSITIVE_ONLY","ON","OFF","10080m (BELOW_SLOW (>24h); runner floor 1440)","-","-","T3 (freshness)","-","0.3 (stored total 7)","PARTIAL","PASS","PARTIAL","PASS","PARTIAL","cadence > 24h for time-sensitive source","lifecycle recalibrate",""
"DUYURU","resmi_gazete_medical_regulation","ACTIVE","TIME_SENSITIVE_ONLY","ON","OFF","43200m (BELOW_SLOW (>24h); runner floor 1440)","-","-","T3 (freshness)","-","0.0 (stored total 0)","PARTIAL","FAIL","PARTIAL","PASS","PARTIAL","cadence > 24h for time-sensitive source","lifecycle recalibrate",""
"DUYURU","tuik_medical_public_health","ACTIVE","TIME_SENSITIVE_ONLY","ON","OFF","43200m (BELOW_SLOW (>24h); runner floor 1440)","-","-","T3 (freshness)","-","0.0 (stored total 0)","PARTIAL","FAIL","PARTIAL","PASS","PARTIAL","cadence > 24h for time-sensitive source","lifecycle recalibrate",""
"DUYURU","moh_physician_workforce","ACTIVE","TIME_SENSITIVE_ONLY","ON","OFF","1440m (SLOW; runner floor 1440)","-","-","T3 (freshness)","-","0.1 (stored total 11)","PARTIAL","PASS","PARTIAL","PASS","PARTIAL","-","none",""
"DUYURU","hsgm_public_health","BLOCKED","TIME_SENSITIVE_ONLY","ON","OFF","43200m (BELOW_SLOW (>24h); runner floor 1440)","-","-","T3 (freshness)","-","0.0 (stored total 0)","PARTIAL","N/A","PARTIAL","PASS","PARTIAL","access/rate-limit blocked","lifecycle review",""
"DUYURU","ttb_national","ACTIVE","TIME_SENSITIVE_ONLY","ON","OFF","10080m (BELOW_SLOW (>24h); runner floor 1440)","-","-","T3 (freshness)","-","0.3 (stored total 7)","PARTIAL","PASS","PARTIAL","PASS","PARTIAL","cadence > 24h for time-sensitive source","lifecycle recalibrate",""
"DUYURU","turkmsic_medical_students","ACTIVE","TIME_SENSITIVE_ONLY","ON","OFF","10080m (BELOW_SLOW (>24h); runner floor 1440)","-","-","T3 (freshness)","-","0.0 (stored total 2)","PARTIAL","PASS","PARTIAL","PASS","PARTIAL","cadence > 24h for time-sensitive source","lifecycle recalibrate",""
"DUYURU","tepdad_medical_accreditation","ACTIVE","TIME_SENSITIVE_ONLY","ON","OFF","43200m (BELOW_SLOW (>24h); runner floor 1440)","-","-","T3 (freshness)","-","0.0 (stored total 0)","PARTIAL","FAIL","PARTIAL","PASS","PARTIAL","cadence > 24h for time-sensitive source","lifecycle recalibrate",""
"DUYURU","teged_medical_education","ACTIVE","TIME_SENSITIVE_ONLY","ON","OFF","43200m (BELOW_SLOW (>24h); runner floor 1440)","-","-","T3 (freshness)","-","0.0 (stored total 0)","PARTIAL","FAIL","PARTIAL","PASS","PARTIAL","cadence > 24h for time-sensitive source","lifecycle recalibrate",""
"DUYURU","hasuder_public_health","ACTIVE","TIME_SENSITIVE_ONLY","ON","OFF","1440m (SLOW; runner floor 1440)","-","-","T3 (freshness)","-","0.0 (stored total 12)","PARTIAL","PASS","PARTIAL","PASS","PARTIAL","-","none",""
"DUYURU","halk_sagligi_yeterlik","ACTIVE","TIME_SENSITIVE_ONLY","ON","OFF","43200m (BELOW_SLOW (>24h); runner floor 1440)","-","-","T3 (freshness)","-","0.0 (stored total 1)","PARTIAL","PASS","PARTIAL","PASS","PARTIAL","cadence > 24h for time-sensitive source","lifecycle recalibrate",""
"DUYURU","tkd_cardiology","ACTIVE","TIME_SENSITIVE_ONLY","ON","OFF","43200m (BELOW_SLOW (>24h); runner floor 1440)","-","-","T3 (freshness)","-","0.0 (stored total 1)","PARTIAL","PASS","PARTIAL","PASS","PARTIAL","cadence > 24h for time-sensitive source","lifecycle recalibrate",""
"DUYURU","ttd_thoracic","ACTIVE","TIME_SENSITIVE_ONLY","ON","OFF","43200m (BELOW_SLOW (>24h); runner floor 1440)","-","-","T3 (freshness)","-","0.0 (stored total 1)","PARTIAL","PASS","PARTIAL","PASS","PARTIAL","cadence > 24h for time-sensitive source","lifecycle recalibrate",""
"DUYURU","klimık_infectious_diseases","ACTIVE","TIME_SENSITIVE_ONLY","ON","OFF","43200m (BELOW_SLOW (>24h); runner floor 1440)","-","-","T3 (freshness)","-","0.0 (stored total 0)","PARTIAL","FAIL","PARTIAL","PASS","PARTIAL","cadence > 24h for time-sensitive source","lifecycle recalibrate",""
"DUYURU","tpd_psychiatry","ACTIVE","TIME_SENSITIVE_ONLY","ON","OFF","10080m (BELOW_SLOW (>24h); runner floor 1440)","-","-","T3 (freshness)","-","0.1 (stored total 1)","PARTIAL","PASS","PARTIAL","PASS","PARTIAL","cadence > 24h for time-sensitive source","lifecycle recalibrate",""
"DUYURU","trd_radiology","ACTIVE","TIME_SENSITIVE_ONLY","ON","OFF","10080m (BELOW_SLOW (>24h); runner floor 1440)","-","-","T3 (freshness)","-","0.0 (stored total 0)","PARTIAL","FAIL","PARTIAL","PASS","PARTIAL","cadence > 24h for time-sensitive source","lifecycle recalibrate",""
"DUYURU","tahud_family_medicine","ACTIVE","TIME_SENSITIVE_ONLY","ON","OFF","10080m (BELOW_SLOW (>24h); runner floor 1440)","-","-","T3 (freshness)","-","0.4 (stored total 5)","PARTIAL","PASS","PARTIAL","PASS","PARTIAL","cadence > 24h for time-sensitive source","lifecycle recalibrate",""
"DUYURU","tihud_internal_medicine","PAUSED","TIME_SENSITIVE_ONLY","ON","OFF","43200m (BELOW_SLOW (>24h); runner floor 1440)","-","-","T3 (freshness)","-","0.0 (stored total 0)","PARTIAL","N/A","PARTIAL","PASS","PARTIAL","cadence > 24h for time-sensitive source","lifecycle recalibrate",""
"DUYURU","turk_pediatri_kurumu","ACTIVE","TIME_SENSITIVE_ONLY","ON","OFF","10080m (BELOW_SLOW (>24h); runner floor 1440)","-","-","T3 (freshness)","-","0.1 (stored total 4)","PARTIAL","PASS","PARTIAL","PASS","PARTIAL","cadence > 24h for time-sensitive source","lifecycle recalibrate",""
"DUYURU","tatd_emergency_medicine","ACTIVE","TIME_SENSITIVE_ONLY","ON","OFF","43200m (BELOW_SLOW (>24h); runner floor 1440)","-","-","T3 (freshness)","-","0.0 (stored total 1)","PARTIAL","PASS","PARTIAL","PASS","PARTIAL","cadence > 24h for time-sensitive source","lifecycle recalibrate",""
"DUYURU","abroad_ca_mcc_img_pathways","ACTIVE","TIME_SENSITIVE_ONLY","ON","OFF","1440m (SLOW; runner floor 1440)","-","-","T3 (freshness)","-","0.6 (stored total 16)","PARTIAL","PASS","PARTIAL","PASS","PARTIAL","-","none",""
"DUYURU","abroad_au_medical_board","ACTIVE","TIME_SENSITIVE_ONLY","ON","OFF","43200m (BELOW_SLOW (>24h); runner floor 1440)","-","-","T3 (freshness)","-","0.0 (stored total 0)","PARTIAL","FAIL","PARTIAL","PASS","PARTIAL","cadence > 24h for time-sensitive source","lifecycle recalibrate",""
"DUYURU","abroad_au_ahpra","ACTIVE","TIME_SENSITIVE_ONLY","ON","OFF","43200m (BELOW_SLOW (>24h); runner floor 1440)","-","-","T3 (freshness)","-","0.1 (stored total 1)","PARTIAL","PASS","PARTIAL","PASS","PARTIAL","cadence > 24h for time-sensitive source","lifecycle recalibrate",""
"DUYURU","abroad_es_mir_fse","ACTIVE","TIME_SENSITIVE_ONLY","ON","OFF","43200m (BELOW_SLOW (>24h); runner floor 1440)","-","-","T3 (freshness)","-","0.0 (stored total 0)","PARTIAL","FAIL","PARTIAL","PASS","PARTIAL","cadence > 24h for time-sensitive source","lifecycle recalibrate",""
"DUYURU","abroad_it_salute_foreign_qual","ACTIVE","TIME_SENSITIVE_ONLY","ON","OFF","10080m (BELOW_SLOW (>24h); runner floor 1440)","-","-","T3 (freshness)","-","0.1 (stored total 1)","PARTIAL","PASS","PARTIAL","PASS","PARTIAL","cadence > 24h for time-sensitive source","lifecycle recalibrate",""
"DUYURU","abroad_sa_scfhs_watch","ACTIVE","TIME_SENSITIVE_ONLY","ON","OFF","10080m (BELOW_SLOW (>24h); runner floor 1440)","-","-","T3 (freshness)","-","0.0 (stored total 2)","PARTIAL","PASS","PARTIAL","PASS","PARTIAL","cadence > 24h for time-sensitive source","lifecycle recalibrate",""
"DUYURU","pubmed_biomedical_evidence","ACTIVE","BOTH_PATHS_ENABLED","ON","PROPOSED","1440m (SLOW; runner floor 1440)","-","EG 1-3/day (proposed)","T1 (iCite)","iCite","0.6 (stored total 21)","FAIL","PARTIAL","PARTIAL","PARTIAL","PARTIAL","evergreen path + signals not implemented","implement path (phase 3/4)",""
"DUYURU","osym_dus_dental_exams","ACTIVE","TIME_SENSITIVE_ONLY","ON","OFF","1440m (SLOW; runner floor 1440)","-","-","T3 (freshness)","-","2.0 (stored total 15)","PARTIAL","PASS","PARTIAL","PASS","PARTIAL","-","none",""
"DUYURU","osym_ydus_subspecialty_exams","ACTIVE","TIME_SENSITIVE_ONLY","ON","OFF","1440m (SLOW; runner floor 1440)","-","-","T3 (freshness)","-","2.9 (stored total 20)","PARTIAL","PASS","PARTIAL","PASS","PARTIAL","-","none",""
"DUYURU","tvhb_veterinary","ACTIVE","TIME_SENSITIVE_ONLY","ON","OFF","10080m (BELOW_SLOW (>24h); runner floor 1440)","-","-","T3 (freshness)","-","0.4 (stored total 7)","PARTIAL","PASS","PARTIAL","PASS","PARTIAL","cadence > 24h for time-sensitive source","lifecycle recalibrate",""
"DUYURU","tdb_dental","ACTIVE","TIME_SENSITIVE_ONLY","ON","OFF","1440m (SLOW; runner floor 1440)","-","-","T3 (freshness)","-","1.6 (stored total 24)","PARTIAL","PASS","PARTIAL","PASS","PARTIAL","-","none",""
"DUYURU","titck_announcements_general","ACTIVE","TIME_SENSITIVE_ONLY","ON","OFF","43200m (BELOW_SLOW (>24h); runner floor 1440)","-","-","T3 (freshness)","-","0.0 (stored total 1)","PARTIAL","PASS","PARTIAL","PASS","PARTIAL","cadence > 24h for time-sensitive source","lifecycle recalibrate",""
"DUYURU","medimagazin_general","PAUSED","TIME_SENSITIVE_ONLY","ON","OFF","43200m (BELOW_SLOW (>24h); runner floor 1440)","-","-","T3 (freshness)","-","0.0 (stored total 0)","PARTIAL","N/A","PARTIAL","PASS","PARTIAL","cadence > 24h for time-sensitive source","lifecycle recalibrate",""
"DUYURU","trthaber_saglik","ACTIVE","TIME_SENSITIVE_ONLY","ON","OFF","10080m (BELOW_SLOW (>24h); runner floor 1440)","-","-","T3 (freshness)","-","1.1 (stored total 9)","PARTIAL","PASS","PARTIAL","PASS","PARTIAL","cadence > 24h for time-sensitive source","lifecycle recalibrate",""
"DUYURU","cnnturk_saglik","ACTIVE","TIME_SENSITIVE_ONLY","ON","OFF","43200m (BELOW_SLOW (>24h); runner floor 1440)","-","-","T3 (freshness)","-","0.0 (stored total 0)","PARTIAL","FAIL","PARTIAL","PASS","PARTIAL","cadence > 24h for time-sensitive source","lifecycle recalibrate",""
"DUYURU","sabah_saglik","ACTIVE","TIME_SENSITIVE_ONLY","ON","OFF","43200m (BELOW_SLOW (>24h); runner floor 1440)","-","-","T3 (freshness)","-","0.1 (stored total 2)","PARTIAL","PASS","PARTIAL","PASS","PARTIAL","cadence > 24h for time-sensitive source","lifecycle recalibrate",""
"DUYURU","euronews_tr_saglik","ACTIVE","TIME_SENSITIVE_ONLY","ON","OFF","10080m (BELOW_SLOW (>24h); runner floor 1440)","-","-","T3 (freshness)","-","0.4 (stored total 10)","PARTIAL","PASS","PARTIAL","PASS","PARTIAL","cadence > 24h for time-sensitive source","lifecycle recalibrate",""
"DUYURU","saglik_bakanligi_genel","RETIRED","TIME_SENSITIVE_ONLY","ON","OFF","43200m (BELOW_SLOW (>24h); runner floor 1440)","-","-","T3 (freshness)","-","0.0 (stored total 0)","N/A","N/A","N/A","PASS","N/A","duplicate-owner listing, lives on Haber/Research","none (keep retired)",""
"DUYURU","sondakika_saglik","ACTIVE","TIME_SENSITIVE_ONLY","ON","OFF","10080m (BELOW_SLOW (>24h); runner floor 1440)","-","-","T3 (freshness)","-","1.0 (stored total 11)","PARTIAL","PASS","PARTIAL","PASS","PARTIAL","cadence > 24h for time-sensitive source","lifecycle recalibrate",""
"DUYURU","ntv_saglik","ACTIVE","TIME_SENSITIVE_ONLY","ON","OFF","43200m (BELOW_SLOW (>24h); runner floor 1440)","-","-","T3 (freshness)","-","0.0 (stored total 0)","PARTIAL","FAIL","PARTIAL","PASS","PARTIAL","cadence > 24h for time-sensitive source","lifecycle recalibrate",""
"DUYURU","bbc_turkce_saglik","ACTIVE","TIME_SENSITIVE_ONLY","ON","OFF","43200m (BELOW_SLOW (>24h); runner floor 1440)","-","-","T3 (freshness)","-","0.0 (stored total 0)","PARTIAL","FAIL","PARTIAL","PASS","PARTIAL","cadence > 24h for time-sensitive source","lifecycle recalibrate",""
"DUYURU","t24_saglik","ACTIVE","TIME_SENSITIVE_ONLY","ON","OFF","43200m (BELOW_SLOW (>24h); runner floor 1440)","-","-","T3 (freshness)","-","0.0 (stored total 0)","PARTIAL","FAIL","PARTIAL","PASS","PARTIAL","cadence > 24h for time-sensitive source","lifecycle recalibrate",""
"DUYURU","saglikhaberi_net","ACTIVE","TIME_SENSITIVE_ONLY","ON","OFF","43200m (BELOW_SLOW (>24h); runner floor 1440)","-","-","T3 (freshness)","-","0.0 (stored total 0)","PARTIAL","FAIL","PARTIAL","PASS","PARTIAL","cadence > 24h for time-sensitive source","lifecycle recalibrate",""
"DUYURU","saglikpersonelihaberi_net","ACTIVE","TIME_SENSITIVE_ONLY","ON","OFF","10080m (BELOW_SLOW (>24h); runner floor 1440)","-","-","T3 (freshness)","-","0.9 (stored total 6)","PARTIAL","PASS","PARTIAL","PASS","PARTIAL","cadence > 24h for time-sensitive source","lifecycle recalibrate",""
"DUYURU","doktorclub","PAUSED","TIME_SENSITIVE_ONLY","ON","OFF","43200m (BELOW_SLOW (>24h); runner floor 1440)","-","-","T3 (freshness)","-","0.0 (stored total 0)","PARTIAL","N/A","PARTIAL","PASS","PARTIAL","cadence > 24h for time-sensitive source","lifecycle recalibrate",""
"DUYURU","ahaber_saglik","ACTIVE","TIME_SENSITIVE_ONLY","ON","OFF","10080m (BELOW_SLOW (>24h); runner floor 1440)","-","-","T3 (freshness)","-","0.3 (stored total 2)","PARTIAL","PASS","PARTIAL","PASS","PARTIAL","cadence > 24h for time-sensitive source","lifecycle recalibrate",""
"DUYURU","iha_saglik","PAUSED","TIME_SENSITIVE_ONLY","ON","OFF","43200m (BELOW_SLOW (>24h); runner floor 1440)","-","-","T3 (freshness)","-","0.0 (stored total 0)","PARTIAL","N/A","PARTIAL","PASS","PARTIAL","cadence > 24h for time-sensitive source","lifecycle recalibrate",""
"DUYURU","dha_saglik_yasam","ACTIVE","TIME_SENSITIVE_ONLY","ON","OFF","10080m (BELOW_SLOW (>24h); runner floor 1440)","-","-","T3 (freshness)","-","0.1 (stored total 3)","PARTIAL","PASS","PARTIAL","PASS","PARTIAL","cadence > 24h for time-sensitive source","lifecycle recalibrate",""
"DUYURU","gazeteoksijen_saglik","ACTIVE","TIME_SENSITIVE_ONLY","ON","OFF","43200m (BELOW_SLOW (>24h); runner floor 1440)","-","-","T3 (freshness)","-","0.0 (stored total 0)","PARTIAL","FAIL","PARTIAL","PASS","PARTIAL","cadence > 24h for time-sensitive source","lifecycle recalibrate",""
"DUYURU","stat_news","RETIRED","TIME_SENSITIVE_ONLY","ON","OFF","43200m (BELOW_SLOW (>24h); runner floor 1440)","-","-","T3 (freshness)","-","0.1 (stored total 1)","N/A","N/A","N/A","PASS","N/A","duplicate-owner listing, lives on Haber/Research","none (keep retired)",""
"DUYURU","healthline_news","ACTIVE","TIME_SENSITIVE_ONLY","ON","CANDIDATE_ENDPOINT","43200m (BELOW_SLOW (>24h); runner floor 1440)","-","-","T3 (freshness)","-","0.3 (stored total 2)","PARTIAL","PASS","PARTIAL","PASS","PARTIAL","cadence > 24h for time-sensitive source","lifecycle recalibrate","hlcms-articles-99.xml: 11,252 URLs with lastmod (archive slices)"
"DUYURU","medical_xpress","RETIRED","TIME_SENSITIVE_ONLY","ON","OFF","43200m (BELOW_SLOW (>24h); runner floor 1440)","-","-","T3 (freshness)","-","1.1 (stored total 8)","N/A","N/A","N/A","PASS","N/A","duplicate-owner listing, lives on Haber/Research","none (keep retired)",""
"DUYURU","medicalresearch_com","ACTIVE","TIME_SENSITIVE_ONLY","ON","CANDIDATE_ENDPOINT","43200m (BELOW_SLOW (>24h); runner floor 1440)","-","-","T3 (freshness)","-","0.3 (stored total 2)","PARTIAL","PASS","PARTIAL","PASS","PARTIAL","cadence > 24h for time-sensitive source","lifecycle recalibrate","post-sitemap (45 sitemaps, lastmod); research-news summaries, weak evergreen"
"DUYURU","fierce_biotech","RETIRED","TIME_SENSITIVE_ONLY","ON","OFF","43200m (BELOW_SLOW (>24h); runner floor 1440)","-","-","T3 (freshness)","-","0.3 (stored total 2)","N/A","N/A","N/A","PASS","N/A","duplicate-owner listing, lives on Haber/Research","none (keep retired)",""
"DUYURU","biopharma_dive","ACTIVE","TIME_SENSITIVE_ONLY","ON","OFF","43200m (BELOW_SLOW (>24h); runner floor 1440)","-","-","T3 (freshness)","-","0.9 (stored total 6)","PARTIAL","PASS","PARTIAL","PASS","PARTIAL","cadence > 24h for time-sensitive source","lifecycle recalibrate",""
"DUYURU","medpage_today","RETIRED","TIME_SENSITIVE_ONLY","ON","OFF","43200m (BELOW_SLOW (>24h); runner floor 1440)","-","-","T3 (freshness)","-","0.7 (stored total 5)","N/A","N/A","N/A","PASS","N/A","duplicate-owner listing, lives on Haber/Research","none (keep retired)",""
"DUYURU","medical_economics","ACTIVE","TIME_SENSITIVE_ONLY","ON","OFF","43200m (BELOW_SLOW (>24h); runner floor 1440)","-","-","T3 (freshness)","-","2.6 (stored total 18)","PARTIAL","PASS","PARTIAL","PASS","PARTIAL","cadence > 24h for time-sensitive source","lifecycle recalibrate",""
"DUYURU","yale_medicine_news","ACTIVE","TIME_SENSITIVE_ONLY","ON","CANDIDATE_ENDPOINT","43200m (BELOW_SLOW (>24h); runner floor 1440)","-","-","T3 (freshness)","-","0.3 (stored total 2)","PARTIAL","PASS","PARTIAL","PASS","PARTIAL","cadence > 24h for time-sensitive source","lifecycle recalibrate","sitemap.xml: 754 /conditions/ + 572 /news/ URLs, no lastmod (cursor rotation)"
"DUYURU","drug_topics","ACTIVE","TIME_SENSITIVE_ONLY","ON","OFF","43200m (BELOW_SLOW (>24h); runner floor 1440)","-","-","T3 (freshness)","-","0.0 (stored total 0)","PARTIAL","FAIL","PARTIAL","PASS","PARTIAL","cadence > 24h for time-sensitive source","lifecycle recalibrate",""
"DUYURU","ema_news","RETIRED","TIME_SENSITIVE_ONLY","ON","OFF","43200m (BELOW_SLOW (>24h); runner floor 1440)","-","-","T3 (freshness)","-","0.0 (stored total 0)","N/A","N/A","N/A","PASS","N/A","duplicate-owner listing, lives on Haber/Research","none (keep retired)",""
"DUYURU","harvard_nutrition_source","ACTIVE","EVERGREEN_ONLY","OFF","ON","-","new daily; rediscovery 24-72h (proposed)","1-3/day (proposed)","T3","-","0.0 (stored total 0)","FAIL","FAIL","PARTIAL","PARTIAL","PARTIAL","evergreen path not implemented (recency gates apply)","implement path (phase 3/4)","WP feed pagination (?paged=N) + food-features hub; no sitemap (404)"
"DUYURU","foodnavigator","ACTIVE","TIME_SENSITIVE_ONLY","ON","OFF","43200m (BELOW_SLOW (>24h); runner floor 1440)","-","-","T3 (freshness)","-","0.0 (stored total 0)","PARTIAL","FAIL","PARTIAL","PASS","PARTIAL","cadence > 24h for time-sensitive source","lifecycle recalibrate",""
"DUYURU","sciencedaily_nutrition","ACTIVE","TIME_SENSITIVE_ONLY","ON","OFF","43200m (BELOW_SLOW (>24h); runner floor 1440)","-","-","T3 (freshness)","-","0.0 (stored total 0)","PARTIAL","FAIL","PARTIAL","PASS","PARTIAL","cadence > 24h for time-sensitive source","lifecycle recalibrate",""
"DUYURU","healthday","ACTIVE","TIME_SENSITIVE_ONLY","ON","OFF","43200m (BELOW_SLOW (>24h); runner floor 1440)","-","-","T3 (freshness)","-","0.0 (stored total 0)","PARTIAL","FAIL","PARTIAL","PASS","PARTIAL","cadence > 24h for time-sensitive source","lifecycle recalibrate",""
"BURS","burs_tr_humphrey","ACTIVE","TIME_SENSITIVE_ONLY","ON","OFF","10080m (BELOW_SLOW (>24h); runner floor 1440)","-","-","T3 (freshness)","-","0.1 (stored total 1)","PARTIAL","PASS","PARTIAL","PASS","PARTIAL","cadence > 24h for time-sensitive source","lifecycle recalibrate",""
"BURS","burs_uk_chevening","PAUSED","TIME_SENSITIVE_ONLY","ON","OFF","10080m (BELOW_SLOW (>24h); runner floor 1440)","-","-","T3 (freshness)","-","0.0 (stored total 0)","PARTIAL","N/A","PARTIAL","PASS","PARTIAL","cadence > 24h for time-sensitive source","lifecycle recalibrate",""
"BURS","burs_ean_fellowships","ACTIVE","TIME_SENSITIVE_ONLY","ON","OFF","10080m (BELOW_SLOW (>24h); runner floor 1440)","-","-","T3 (freshness)","-","0.3 (stored total 2)","PARTIAL","PASS","PARTIAL","PASS","PARTIAL","cadence > 24h for time-sensitive source","lifecycle recalibrate",""
"BURS","burs_eau_eusp","ACTIVE","TIME_SENSITIVE_ONLY","ON","OFF","10080m (BELOW_SLOW (>24h); runner floor 1440)","-","-","T3 (freshness)","-","0.0 (stored total 0)","PARTIAL","FAIL","PARTIAL","PASS","PARTIAL","cadence > 24h for time-sensitive source","lifecycle recalibrate",""
"BURS","burs_ers_fellowships","ACTIVE","TIME_SENSITIVE_ONLY","ON","OFF","10080m (BELOW_SLOW (>24h); runner floor 1440)","-","-","T3 (freshness)","-","0.3 (stored total 2)","PARTIAL","PASS","PARTIAL","PASS","PARTIAL","cadence > 24h for time-sensitive source","lifecycle recalibrate",""
"BURS","burs_febs_fellowships","ACTIVE","TIME_SENSITIVE_ONLY","ON","OFF","10080m (BELOW_SLOW (>24h); runner floor 1440)","-","-","T3 (freshness)","-","0.3 (stored total 2)","PARTIAL","PASS","PARTIAL","PASS","PARTIAL","cadence > 24h for time-sensitive source","lifecycle recalibrate",""
"BURS","burs_esaic_grants","ACTIVE","TIME_SENSITIVE_ONLY","ON","OFF","10080m (BELOW_SLOW (>24h); runner floor 1440)","-","-","T3 (freshness)","-","0.1 (stored total 1)","PARTIAL","PASS","PARTIAL","PASS","PARTIAL","cadence > 24h for time-sensitive source","lifecycle recalibrate",""
"EGITIM","egitim_pasteur","ACTIVE","TIME_SENSITIVE_ONLY","ON","OFF","10080m (BELOW_SLOW (>24h); runner floor 1440)","-","-","T3 (freshness)","-","0.1 (stored total 1)","PARTIAL","PASS","PARTIAL","PASS","PARTIAL","cadence > 24h for time-sensitive source","lifecycle recalibrate",""
"EGITIM","egitim_eso","ACTIVE","TIME_SENSITIVE_ONLY","ON","OFF","10080m (BELOW_SLOW (>24h); runner floor 1440)","-","-","T3 (freshness)","-","0.1 (stored total 1)","PARTIAL","PASS","PARTIAL","PASS","PARTIAL","cadence > 24h for time-sensitive source","lifecycle recalibrate",""
"DUYURU","anadolu_ajansi_medical_radar","RETIRED","TIME_SENSITIVE_ONLY","ON","OFF","1440m (SLOW; runner floor 1440)","-","-","T3 (freshness)","-","0.1 (stored total 2)","N/A","N/A","N/A","PASS","N/A","duplicate-owner listing, lives on Haber/Research","none (keep retired)",""