SOURCE,OPERATIONAL_STATE,EVERGREEN_PATH,ARCHIVE_SIZE_EST,AUTHORITY,TOPIC_BREADTH,ARCHIVE_ACCESS,DIRECT_SIGNAL,CITATION_SIGNAL,30D_GOOD_YIELD,DUP_RATE,FAMILY_OVERLAP,PROPOSED_TIER,CONFIDENCE,DAILY_TARGET,MAX_ITEMS_EVALUATED,REDISCOVERY_CADENCE,DEEP_ARCHIVE_CADENCE,COOLDOWN_DAYS,SIGNAL_STRATEGY,WHY_THIS_TIER,P1,P2,P3,P4,P5,ACTION
"Cleveland Clinic (Health Essentials + Health Library)","ACTIVE (HE configured; Library not configured)","configured (HE) + candidate (Library)","HE sitemap 5,170 URLs; Library 11,033 /health/ URLs (site.xml) + 11,025 (page.xml)","academic medical center, medical-reviewed","BROAD","GOOD (sitemaps with lastmod; robots allow)","NONE","NONE","6 stored in 8 days from the TS-style recent-lastmod scan (0.9/day); evergreen flow NOT_YET_MEASURED","NOT_YET_MEASURED","MEDIUM (URL overlap 0: different hosts; topic overlap likely, unmeasured)","FAMILY_POOL","MEDIUM","4 (pool, both endpoints share it)","60 per cycle (pool)","24h","weekly, lastmod slices","90 (topic cluster 14)","EDITORIAL_RELEVANCE (+ INDIRECT: lastmod = updated_content)","two large endpoints of one publisher with probable topic overlap: one pool avoids two quotas on the same subjects","PARTIAL","PARTIAL","PARTIAL","PASS","PARTIAL","add Library endpoint under same source id after lifecycle modify support; measure topic repetition first"
"Today's Dietitian","ACTIVE","configured (post-sitemap3 slice only)","2,715 posts in 3 post sitemaps (1,000 + 1,000 + 715)","professional trade magazine for dietitians","MEDIUM","GOOD (sitemap index with lastmod; robots allow)","NONE","NONE","2 stored in total (one day); NOT_YET_MEASURED","NOT_YET_MEASURED","LOW","SMALL","MEDIUM","1","20","72h","weekly slice rotation (3 slices)","120","EDITORIAL_RELEVANCE","medium archive but narrow practitioner topic and trade-news character; small quota avoids a feed of professional-practice items","PARTIAL","PARTIAL","PARTIAL","PASS","PARTIAL","rotate across post-sitemap 1-3 instead of one slice"
"Harvard T.H. Chan Nutrition Source (harvard_nutrition_source)","ACTIVE (Tıp Topluluğu / Duyuru lane)","configured (WordPress feed)","173 posts reachable through 18 feed pages (?paged=N); no sitemap (404)","academic public-health school","NARROW (nutrition)","PARTIAL (feed pagination only; robots has no rules)","NONE","NONE","0 stored ever: 10 parsed, all rejected by keyword/audience gates (not by age)","n/a (0 candidates)","LOW","SMALL","LOW","1 (only after routing decision)","10","72h","monthly (173 posts)","180","EDITORIAL_RELEVANCE","tiny narrow archive; LOW confidence because the Duyuru audience gate rejects consumer nutrition content: lane for consumer evergreen is undecided","FAIL","FAIL","PARTIAL","PASS","PARTIAL","owner decision: which lane receives consumer-health evergreen"
"ASHP SafeMedication (ashp-safemedication)","UNRESOLVED","configured (sitemap)","2,281 URLs (Drug-Library, How-To-Use-Medication, Pharmacist-Insights sections)","professional pharmacy society","MEDIUM (drug information)","GOOD (sitemap; robots has no rules)","NONE","NONE","5 stored (0.3/day); titles are bare drug names (""Diltiazem"")","NOT_YET_MEASURED","LOW","SMALL","LOW","0-1 (hold)","10","72h","monthly","180","EDITORIAL_RELEVANCE","drug monograph pages are not readable articles; only Pharmacist-Insights / How-To sections look like candidates","FAIL","PARTIAL","PARTIAL","PASS","PARTIAL","restrict to Pharmacist-Insights/How-To sections before any target"
"Cochrane Library (research-cochrane-library)","BLOCKED (site 403, robots 403)","configured (null endpoint)","Europe PMC indexes 20,093 Cochrane records; Crossref ISSN filter returns only 3 (misleading)","systematic-review reference standard","BROAD","BLOCKED direct; PARTIAL via Europe PMC metadata","NONE","STRONG (Europe PMC citedByCount)","3 stored (2006-2010 reviews, all kept by reviewers: evidence of evergreen value)","NOT_YET_MEASURED","LOW","UNASSIGNED (blocked)","LOW","0 until an allowed endpoint exists","-","-","-","-","DIRECT_SIGNAL (EUROPE_PMC)","direct site is blocked (no bypass); a Europe PMC metadata route would need an owner decision and a lifecycle endpoint change","FAIL","FAIL","PARTIAL","N/A","PARTIAL","owner decision on Europe PMC as the access route"
"Healthline (articles archive; TS feed = health-news RSS)","ACTIVE (TS only, Tıp Topluluğu lane)","candidate (hlcms-articles-99.xml + other shards)",">= 11,252 URLs in one shard with lastmod (more shards exist: LARGE_ESTIMATE)","consumer-health publisher with medical review","BROAD","GOOD (sitemap lastmod; robots allow)","NONE (unverified)","NONE","TS feed: 50 parsed, 0-2 accepted per run (31 keyword + 17 audience rejects); evergreen NOT_YET_MEASURED","NOT_YET_MEASURED","MEDIUM (news vs articles share topics)","LARGE","MEDIUM","3","60","24h","weekly, lastmod window","90 (topic 14)","EDITORIAL_RELEVANCE","very large well-structured archive with broad topics; MEDIUM confidence because the audience gate currently rejects most consumer content and quality density is unmeasured","FAIL","PARTIAL","PARTIAL","PASS","PARTIAL","owner routing decision first; then bounded canary on one lastmod window"
"Yale Medicine (conditions; TS feed = news RSS, active)","ACTIVE (TS only; fixed 2026-10-01)","candidate (sitemap /conditions/)","754 /conditions/ pages (+572 /news/) in a 9,468-URL sitemap, no lastmod","academic medical center","BROAD","GOOD (sitemap; robots allow /conditions)","NONE","NONE","TS: 20 parsed, 2 accepted (live canary); evergreen NOT_YET_MEASURED","NOT_YET_MEASURED","LOW-MEDIUM (news items link to condition pages)","MEDIUM","MEDIUM","3","30","48h","weekly cursor over 754 pages","120","CONTROLLED_EXPLORATION (no lastmod, no signals) with editorial relevance","754 condition pages at 3/day = about 8 months per full cycle; no recency or popularity evidence, so exploration with cursor","FAIL","PARTIAL","PARTIAL","PASS","PARTIAL","cursor over /conditions/ after lifecycle modify support"
"NCCIH (/health topic pages; TS feed = NCBI news RSS)","ACTIVE (TS only)","candidate","470 /health/ pages of 2,235 URLs (sitemap-0.xml, no lastmod)","US federal research institute (NIH)","MEDIUM (complementary health)","GOOD (robots allow /health)","NONE","NONE","NOT_YET_MEASURED","NOT_YET_MEASURED","LOW","SMALL","MEDIUM","1","15","72h","monthly","180","EDITORIAL_RELEVANCE","authoritative but small topic set","FAIL","PARTIAL","PARTIAL","PASS","PARTIAL","candidate after lifecycle modify support"
"ASN (nutrition.org posts; TS feed = /feed/)","ACTIVE (TS only)","candidate (weak)","981 posts in wp-sitemap (no lastmod)","scientific society","NARROW-MEDIUM","GOOD (robots allow)","NONE","NONE","NOT_YET_MEASURED","NOT_YET_MEASURED","LOW","SMALL","LOW","0-1","10","72h","monthly","180","EDITORIAL_RELEVANCE","the posts are mostly society news and announcements, so evergreen density is probably low (unmeasured)","FAIL","PARTIAL","PARTIAL","PASS","PARTIAL","measure evergreen density on a sample before deciding"
"MedicalResearch.com","ACTIVE (TS only)","REJECTED as evergreen","15,280 posts (45 sitemaps with lastmod)","research-news aggregator","BROAD","GOOD","NONE","NONE","NOT_YET_MEASURED","NOT_YET_MEASURED","HIGH (restates studies other sources carry)","UNASSIGNED (stays TIME_SENSITIVE)","MEDIUM","0","-","-","-","-","EDITORIAL_RELEVANCE","dated research-news summaries lose value with age; rediscovery would resurface old news","N/A","N/A","N/A","N/A","N/A","none"
"PubMed nutrition/aging journals (31 feeds) + Tıp Topluluğu pubmed_biomedical_evidence","ACTIVE","proposed (rediscovery)","LARGE_ESTIMATE (PubMed holds the full back catalogue of these journals; per-journal counts not measured)","peer-reviewed journals","MEDIUM (nutrition, ageing, integrative)","GOOD (E-utilities)","NONE from publisher; derived below","STRONG (iCite: citation_count, citations_per_year, relative_citation_ratio, nih_percentile, verified live; Europe PMC citedByCount verified)","fresh path only: 491 stored, but in bursts (264 on 2026-09-24, first fetch of 23 feeds); steady state is about 31 feeds x 15 per monthly poll. Rediscovery NOT_YET_MEASURED","stored duplicate titles 0.14% across all research (3 of 2,219), 0 across feeds","HIGH (31 journals share topics; Tıp Topluluğu pubmed_biomedical_evidence repeats the same index)","FAMILY_POOL","HIGH","3 (pool)","100 PMIDs per cycle (batched iCite lookup)","24h","weekly date-window rotation","90 (topic cluster 14)","DIRECT_SIGNAL (iCite RCR/percentile, EUROPE_PMC)","largest archive and the strongest verified normalised signal (RCR is already field/age-normalised); topic overlap high, so one pool","PARTIAL","PARTIAL","PARTIAL","PASS","PARTIAL","fold the Tıp Topluluğu duplicate into the pool; build iCite lookup (phase 3)"
"General medicine journals (NEJM, The Lancet, JAMA, BMJ)","ACTIVE","proposed (rediscovery)","Crossref ISSN totals: NEJM 125,101; Lancet 474,546; BMJ 64,395; JAMA 5,680 (ISSN filter undercounts: ESTIMATE)","top peer-reviewed journals","BROAD","PARTIAL (RSS latest only; archive via Crossref/Europe PMC/OpenAlex metadata)","NONE","STRONG (Crossref is-referenced-by-count, OpenAlex cited_by_count + cited_by_percentile_year verified on a single-work lookup, Europe PMC)","NOT_YET_MEASURED","see PubMed row","MEDIUM (topic overlap, different publishers)","FAMILY_POOL","MEDIUM","1","60","48h","weekly","180","DIRECT_SIGNAL (OPENALEX percentile when key exists; CROSSREF/EUROPE_PMC now)","huge archives but a medium-relevance subset; one pool keeps the quota small","PARTIAL","PARTIAL","PARTIAL","PARTIAL","PARTIAL","signal lookup per shortlisted DOI only"
"Cardiology journals (Circulation, JAHA, JACC, European Heart Journal)","ACTIVE","proposed (rediscovery)","Crossref: Circulation 97,141; JACC 131,576; EHJ 63,964; JAHA 12,758","top cardiology journals","NARROW-MEDIUM","PARTIAL (RSS latest only)","NONE","STRONG","NOT_YET_MEASURED","see PubMed row","HIGH (same specialty)","FAMILY_POOL","MEDIUM","1.5","60","48h","weekly","120","DIRECT_SIGNAL (CROSSREF/EUROPE_PMC; OPENALEX later)","four journals of one specialty overlap in topic; shared pool","PARTIAL","PARTIAL","PARTIAL","PARTIAL","PARTIAL","as above"
"Respiratory journals (CHEST, European Respiratory Journal)","ACTIVE","proposed (rediscovery)","Crossref: CHEST 85,157; ERJ 27,047","specialty society journals","NARROW","PARTIAL","NONE","STRONG","NOT_YET_MEASURED","see PubMed row","HIGH","FAMILY_POOL","MEDIUM","1","40","72h","weekly","120","DIRECT_SIGNAL (CROSSREF/EUROPE_PMC)","one narrow specialty; pooled","PARTIAL","PARTIAL","PARTIAL","PARTIAL","PARTIAL","as above"
"Digital-health / biomedical engineering (JBHI, TBME, JMIR, npj Digital Medicine, Lancet Digital Health, NEJM AI)","ACTIVE","proposed (rediscovery)","Crossref: JMIR 12,109; TBME 9,265; JBHI 6,734; npj DM 3,248; Lancet DH 1,056; NEJM AI 316","peer-reviewed","NARROW-MEDIUM (AI, devices, digital health: close to the brand)","PARTIAL","NONE","STRONG","NOT_YET_MEASURED","duplicate titles inside JBHI, JMIR and npj DM (1 each)","MEDIUM","FAMILY_POOL","MEDIUM","1.5","60","48h","weekly","120","DIRECT_SIGNAL (CROSSREF/EUROPE_PMC; OPENALEX later)","six small-to-medium archives on one theme: pooled, higher share because of brand relevance","PARTIAL","PARTIAL","PARTIAL","PARTIAL","PARTIAL","as above"
"Nature family (Nature, Nature Medicine, Genetics, Biotechnology + PubMed Nature Aging/Metabolism + nature-ageing-hub, nature-nutrition-hub)","ACTIVE","proposed (rediscovery)","Crossref: Nature 447,171; Medicine 16,562; Genetics 11,755; Biotechnology 19,455; Aging 1,224; Metabolism 1,627","top peer-reviewed publisher","BROAD","PARTIAL (RSS latest; subject archive pages answer 200 but pagination unverified)","NONE","STRONG","research-nature stores 47 news/editorial (d41586) vs 18 research papers (s41586): the feed is mostly news","stored cross-feed duplicates 0","HIGH (hubs span Nature journals that have their own feeds; PubMed Aging/Metabolism feeds carry the same works under different URLs)","FAMILY_POOL","MEDIUM","2","80","24h","weekly","120","DIRECT_SIGNAL (CROSSREF/EUROPE_PMC; OPENALEX percentile later)","overlapping endpoints of one publisher: pool, and the same work must dedupe by DOI across URL variants","PARTIAL","PARTIAL","PARTIAL","PARTIAL","PARTIAL","DOI-keyed dedupe across Nature URL and PubMed URL; separate news from research in research-nature"
"Cell (research-cell)","ACTIVE","proposed (rediscovery)","Crossref: Cell 26,762","top peer-reviewed","NARROW (basic biology, low brand relevance)","PARTIAL","NONE","STRONG","NOT_YET_MEASURED","see PubMed row","LOW","SMALL","MEDIUM","0.5","20","72h","monthly","180","DIRECT_SIGNAL (CROSSREF/EUROPE_PMC)","large archive but narrow relevance: small quota","PARTIAL","PARTIAL","PARTIAL","PARTIAL","PARTIAL","as above"
"Science family (Science, Science Translational Medicine)","BLOCKED (403)","proposed (blocked)","Crossref: Science 382,907; STM 7,340","top peer-reviewed","BROAD","BLOCKED (publisher site 403; no bypass)","NONE","STRONG (metadata providers only)","NOT_YET_MEASURED","NOT_YET_MEASURED","LOW","UNASSIGNED (blocked)","LOW","0","-","-","-","-","DIRECT_SIGNAL (metadata providers) if an allowed route exists","cannot fetch content; metadata-only candidates would need an owner decision","FAIL","FAIL","PARTIAL","N/A","PARTIAL","none until access is permitted"
"medRxiv (research-medrxiv-preprint)","ACTIVE","RESTRICTED","UNKNOWN (not measured)","preprint server (not peer-reviewed)","BROAD","GOOD (RSS/API)","NONE","PARTIAL (later publication link; Europe PMC preprint records)","NOT_YET_MEASURED","NOT_YET_MEASURED","MEDIUM (later published versions appear in journal feeds)","UNASSIGNED (restricted)","LOW","0 (only when a verified peer-reviewed version or strong signal exists)","-","-","-","-","INDIRECT_SIGNAL (published-version link)","owner rule: old preprints are not surfaced for attention alone","PARTIAL","N/A","PARTIAL","N/A","PARTIAL","none"